{
  "success": true,
  "timestamp": 1686228363,
  "source": "EUR",
  "quotes": {
    "EURAED": 3.948514,
    "EURAFN": 92.628739,
    "EURALL": 106.49102,
    "EURAMD": 416.069081,
    "EURANG": 1.937257,
    "EURAOA": 658.445251,
    "EURARS": 262.009749,
    "EURAUD": 1.605909,
    "EURAWG": 1.935006,
    "EURAZN": 1.820523,
    "EURBAM": 1.959369,
    "EURBBD": 2.170454,
    "EURBDT": 116.367654,
    "EURBGN": 1.958425,
    "EURBHD": 0.405365,
    "EURBIF": 3047.634366,
    "EURBMD": 1.075003,
    "EURBND": 1.448338,
    "EURBOB": 7.427323,
    "EURBRL": 5.293426,
    "EURBSD": 1.074958,
    "EURBTC": 4.0557854e-05,
    "EURBTN": 88.74619,
    "EURBWP": 14.546499,
    "EURBYN": 2.713343,
    "EURBYR": 21070.06475,
    "EURBZD": 2.166687,
    "EURCAD": 1.435484,
    "EURCDF": 2545.608122,
    "EURCHF": 0.971157,
    "EURCLF": 0.030822,
    "EURCLP": 850.478049,
    "EURCNY": 7.65843,
    "EURCOP": 4522.087397,
    "EURCRC": 577.235425,
    "EURCUC": 1.075003,
    "EURCUP": 28.487588,
    "EURCVE": 111.259933,
    "EURCZK": 23.624293,
    "EURDJF": 191.398666,
    "EURDKK": 7.450461,
    "EURDOP": 58.81321,
    "EURDZD": 146.666489,
    "EUREGP": 33.219433,
    "EURERN": 16.12505,
    "EURETB": 58.738864,
    "EURFJD": 2.396989,
    "EURFKP": 0.863599,
    "EURGBP": 0.861089,
    "EURGEL": 2.811173,
    "EURGGP": 0.863599,
    "EURGHS": 12.147501,
    "EURGIP": 0.863599,
    "EURGMD": 63.85733,
    "EURGNF": 9298.778037,
    "EURGTQ": 8.41702,
    "EURGYD": 227.349927,
    "EURHKD": 8.423248,
    "EURHNL": 26.44818,
    "EURHRK": 7.465189,
    "EURHTG": 149.953166,
    "EURHUF": 368.468311,
    "EURIDR": 15983.149117,
    "EURILS": 3.941983,
    "EURIMP": 0.863599,
    "EURINR": 88.719482,
    "EURIQD": 1407.16339,
    "EURIRR": 45445.764491,
    "EURISK": 149.500395,
    "EURJEP": 0.863599,
    "EURJMD": 166.533369,
    "EURJOD": 0.763148,
    "EURJPY": 149.894188,
    "EURKES": 149.693991,
    "EURKGS": 94.073401,
    "EURKHR": 4439.763749,
    "EURKMF": 495.037094,
    "EURKPW": 967.458123,
    "EURKRW": 1399.277726,
    "EURKWD": 0.330574,
    "EURKYD": 0.895832,
    "EURKZT": 477.369611,
    "EURLAK": 19398.434418,
    "EURLBP": 16134.64176,
    "EURLKR": 317.656847,
    "EURLRD": 183.934429,
    "EURLSL": 20.65097,
    "EURLTL": 3.174205,
    "EURLVL": 0.650259,
    "EURLYD": 5.192215,
    "EURMAD": 10.960967,
    "EURMDL": 19.104269,
    "EURMGA": 4764.546478,
    "EURMKD": 61.710769,
    "EURMMK": 2257.412265,
    "EURMNT": 3732.683735,
    "EURMOP": 8.677265,
    "EURMRO": 383.775994,
    "EURMUR": 48.966385,
    "EURMVR": 16.500995,
    "EURMWK": 1103.389486,
    "EURMXN": 18.667646,
    "EURMYR": 4.964901,
    "EURMZN": 67.993997,
    "EURNAD": 20.651024,
    "EURNGN": 499.87707,
    "EURNIO": 39.321631,
    "EURNOK": 11.757493,
    "EURNPR": 141.997673,
    "EURNZD": 1.768579,
    "EUROMR": 0.413889,
    "EURPAB": 1.074928,
    "EURPEN": 3.94117,
    "EURPGK": 3.815951,
    "EURPHP": 60.230303,
    "EURPKR": 304.406729,
    "EURPLN": 4.478474,
    "EURPYG": 7767.149199,
    "EURQAR": 3.914104,
    "EURRON": 4.952326,
    "EURRSD": 117.234481,
    "EURRUB": 88.161181,
    "EURRWF": 1218.018831,
    "EURSAR": 4.03135,
    "EURSBD": 8.959257,
    "EURSCR": 14.638989,
    "EURSDG": 646.610729,
    "EURSEK": 11.656422,
    "EURSGD": 1.445906,
    "EURSHP": 1.30801,
    "EURSLE": 24.299419,
    "EURSLL": 21231.315649,
    "EURSOS": 611.142724,
    "EURSRD": 40.407762,
    "EURSTD": 22250.397961,
    "EURSVC": 9.405784,
    "EURSYP": 2700.970747,
    "EURSZL": 20.365341,
    "EURTHB": 37.361204,
    "EURTJS": 11.743565,
    "EURTMT": 3.773262,
    "EURTND": 3.343793,
    "EURTOP": 2.545826,
    "EURTRY": 25.152499,
    "EURTTD": 7.284066,
    "EURTWD": 33.029489,
    "EURTZS": 2548.832898,
    "EURUAH": 39.695111,
    "EURUGX": 4001.289037,
    "EURUSD": 1.075003,
    "EURUYU": 41.926767,
    "EURUZS": 12291.934502,
    "EURVEF": 2859263.607825,
    "EURVES": 28.670804,
    "EURVND": 25257.202617,
    "EURVUV": 128.456424,
    "EURWST": 2.943852,
    "EURXAF": 657.154119,
    "EURXAG": 0.04516,
    "EURXAU": 0.000549,
    "EURXCD": 2.90525,
    "EURXDR": 0.808072,
    "EURXOF": 657.129623,
    "EURXPF": 120.238851,
    "EURYER": 269.127174,
    "EURZAR": 20.331269,
    "EURZMK": 9676.319822,
    "EURZMW": 21.632804,
    "EURZWL": 346.150625
  }
}
